"","statecode","countycode","v124_rawvalue"
"1","02","000",NA
"2","02","013",1
"3","02","016",1
"4","02","020",1
"5","02","050",1
"6","02","060",1
"7","02","063",NA
"8","02","066",NA
"9","02","068",0
"10","02","070",1
"11","02","090",1
"12","02","100",1
"13","02","105",NA
"14","02","110",0
"15","02","122",1
"16","02","130",1
"17","02","150",1
"18","02","158",1
"19","02","164",1
"20","02","170",1
"21","02","180",1
"22","02","185",1
"23","02","188",1
"24","02","195",NA
"25","02","198",NA
"26","02","220",0
"27","02","230",1
"28","02","240",0
"29","02","275",1
"30","02","282",0
"31","02","290",1
"32","01","000",NA
"33","01","001",0
"34","01","003",0
"35","01","005",1
"36","01","007",0
"37","01","009",1
"38","01","011",0
"39","01","013",0
"40","01","015",1
"41","01","017",0
"42","01","019",0
"43","01","021",0
"44","01","023",1
"45","01","025",0
"46","01","027",0
"47","01","029",0
"48","01","031",0
"49","01","033",1
"50","01","035",1
"51","01","037",1
"52","01","039",0
"53","01","041",0
"54","01","043",0
"55","01","045",1
"56","01","047",0
"57","01","049",0
"58","01","051",0
"59","01","053",0
"60","01","055",0
"61","01","057",0
"62","01","059",0
"63","01","061",0
"64","01","063",0
"65","01","065",0
"66","01","067",0
"67","01","069",1
"68","01","071",1
"69","01","073",1
"70","01","075",0
"71","01","077",1
"72","01","079",0
"73","01","081",1
"74","01","083",0
"75","01","085",0
"76","01","087",0
"77","01","089",0
"78","01","091",1
"79","01","093",1
"80","01","095",0
"81","01","097",1
"82","01","099",0
"83","01","101",0
"84","01","103",0
"85","01","105",0
"86","01","107",0
"87","01","109",0
"88","01","111",0
"89","01","113",1
"90","01","117",0
"91","01","115",1
"92","01","119",0
"93","01","121",1
"94","01","123",0
"95","01","125",0
"96","01","127",1
"97","01","129",0
"98","01","131",1
"99","01","133",0
"100","05","001",1
"101","05","000",NA
"102","05","003",1
"103","05","005",1
"104","05","007",1
"105","05","009",1
"106","05","011",0
"107","05","013",0
"108","05","015",0
"109","05","017",1
"110","05","019",0
"111","05","021",0
"112","05","023",0
"113","05","025",0
"114","05","027",1
"115","05","029",0
"116","05","031",0
"117","05","033",0
"118","05","035",1
"119","05","037",1
"120","05","039",0
"121","05","041",1
"122","05","043",1
"123","05","045",1
"124","05","047",0
"125","05","049",1
"126","05","051",0
"127","05","053",0
"128","05","055",0
"129","05","057",1
"130","05","059",0
"131","05","061",0
"132","05","063",0
"133","05","065",0
"134","05","067",1
"135","05","069",0
"136","05","071",0
"137","05","073",0
"138","05","075",0
"139","05","077",1
"140","05","079",0
"141","05","081",0
"142","05","083",1
"143","05","085",1
"144","05","087",0
"145","05","089",0
"146","05","091",1
"147","05","093",0
"148","05","095",1
"149","05","097",0
"150","05","099",1
"151","05","101",1
"152","05","103",1
"153","05","105",0
"154","05","107",1
"155","05","109",1
"156","05","111",1
"157","05","113",0
"158","05","115",0
"159","05","117",0
"160","05","119",0
"161","05","121",0
"162","05","125",0
"163","05","127",0
"164","05","129",0
"165","05","131",1
"166","05","133",0
"167","05","135",0
"168","05","123",0
"169","05","137",0
"170","05","139",1
"171","05","141",0
"172","05","143",0
"173","05","145",0
"174","05","147",0
"175","05","149",1
"176","04","001",1
"177","04","000",NA
"178","04","003",1
"179","04","005",1
"180","04","007",1
"181","04","009",1
"182","04","011",1
"183","04","012",1
"184","04","013",1
"185","04","015",1
"186","04","017",1
"187","04","019",1
"188","04","021",1
"189","04","023",1
"190","04","025",1
"191","04","027",1
"192","06","001",1
"193","06","003",1
"194","06","005",1
"195","06","007",1
"196","06","009",1
"197","06","000",NA
"198","06","011",1
"199","06","013",1
"200","06","015",1
"201","06","017",0
"202","06","019",1
"203","06","021",1
"204","06","023",1
"205","06","025",1
"206","06","027",1
"207","06","029",1
"208","06","031",1
"209","06","033",1
"210","06","035",1
"211","06","037",1
"212","06","039",1
"213","06","041",1
"214","06","043",1
"215","06","045",1
"216","06","047",1
"217","06","049",1
"218","06","051",1
"219","06","053",1
"220","06","055",1
"221","06","057",1
"222","06","059",1
"223","06","061",1
"224","06","063",1
"225","06","065",1
"226","06","067",1
"227","06","069",1
"228","06","071",1
"229","06","073",1
"230","06","075",0
"231","06","077",1
"232","06","079",1
"233","06","081",1
"234","06","083",1
"235","06","085",1
"236","06","087",1
"237","06","089",1
"238","06","091",1
"239","06","093",1
"240","06","095",1
"241","06","097",1
"242","06","099",1
"243","06","101",1
"244","06","103",1
"245","06","105",1
"246","06","107",1
"247","06","109",1
"248","06","111",1
"249","06","113",1
"250","06","115",1
"251","08","001",1
"252","08","003",1
"253","08","005",1
"254","08","007",1
"255","08","009",1
"256","08","011",1
"257","08","013",1
"258","08","014",0
"259","08","015",1
"260","08","017",0
"261","08","019",1
"262","08","000",NA
"263","08","021",0
"264","08","023",1
"265","08","025",0
"266","08","027",0
"267","08","029",1
"268","08","031",0
"269","08","033",1
"270","08","035",1
"271","08","037",0
"272","08","039",0
"273","08","041",1
"274","08","043",0
"275","08","045",1
"276","08","047",0
"277","08","049",1
"278","08","051",1
"279","08","053",0
"280","08","055",1
"281","08","057",0
"282","08","059",1
"283","08","061",1
"284","08","063",1
"285","08","065",0
"286","08","067",1
"287","08","069",1
"288","08","071",1
"289","08","073",1
"290","08","075",0
"291","08","077",0
"292","08","079",0
"293","08","081",0
"294","08","083",1
"295","08","085",1
"296","08","087",1
"297","08","089",1
"298","08","091",0
"299","08","093",0
"300","08","095",1
"301","08","097",1
"302","08","099",1
"303","08","101",1
"304","08","103",0
"305","08","105",1
"306","08","107",1
"307","08","109",1
"308","08","111",0
"309","08","113",1
"310","08","115",1
"311","08","117",1
"312","08","119",1
"313","08","121",1
"314","08","123",1
"315","08","125",1
"316","09","110",1
"317","09","000",NA
"318","09","001",NA
"319","09","120",0
"320","09","003",NA
"321","09","005",NA
"322","09","130",1
"323","09","007",NA
"324","09","140",1
"325","09","009",NA
"326","09","011",NA
"327","09","150",1
"328","09","160",1
"329","09","170",1
"330","09","180",1
"331","09","013",NA
"332","09","190",1
"333","09","015",NA
"334","11","001",0
"335","11","000",NA
"336","10","000",NA
"337","10","001",1
"338","10","003",0
"339","10","005",1
"340","12","001",0
"341","12","003",0
"342","12","005",1
"343","12","007",0
"344","12","009",1
"345","12","011",1
"346","12","013",0
"347","12","015",1
"348","12","017",0
"349","12","019",0
"350","12","021",1
"351","12","023",1
"352","12","027",1
"353","12","029",0
"354","12","031",0
"355","12","033",0
"356","12","035",1
"357","12","000",NA
"358","12","037",1
"359","12","039",0
"360","12","041",0
"361","12","043",0
"362","12","045",1
"363","12","047",0
"364","12","049",0
"365","12","051",0
"366","12","053",0
"367","12","055",1
"368","12","057",1
"369","12","059",0
"370","12","061",0
"371","12","063",0
"372","12","065",0
"373","12","067",0
"374","12","069",1
"375","12","071",1
"376","12","073",0
"377","12","075",1
"378","12","077",1
"379","12","079",0
"380","12","081",0
"381","12","083",1
"382","12","085",0
"383","12","086",0
"384","12","087",0
"385","12","089",0
"386","12","091",0
"387","12","093",0
"388","12","095",0
"389","12","097",1
"390","12","099",1
"391","12","101",0
"392","12","103",1
"393","12","105",1
"394","12","107",1
"395","12","113",0
"396","12","115",0
"397","12","117",1
"398","12","109",0
"399","12","111",1
"400","12","119",0
"401","12","121",0
"402","12","123",1
"403","12","125",0
"404","12","127",0
"405","12","129",1
"406","12","131",0
"407","12","133",1
"408","13","001",0
"409","13","003",1
"410","13","005",0
"411","13","007",0
"412","13","009",1
"413","13","011",1
"414","13","013",0
"415","13","015",0
"416","13","017",0
"417","13","019",0
"418","13","021",0
"419","13","023",0
"420","13","025",0
"421","13","027",0
"422","13","029",0
"423","13","031",1
"424","13","033",0
"425","13","035",0
"426","13","037",1
"427","13","039",1
"428","13","043",0
"429","13","045",0
"430","13","047",1
"431","13","049",0
"432","13","051",1
"433","13","053",0
"434","13","055",0
"435","13","057",0
"436","13","059",1
"437","13","061",0
"438","13","063",0
"439","13","065",0
"440","13","067",0
"441","13","069",0
"442","13","071",0
"443","13","073",1
"444","13","075",0
"445","13","077",0
"446","13","079",0
"447","13","081",0
"448","13","083",0
"449","13","085",0
"450","13","087",1
"451","13","089",0
"452","13","091",0
"453","13","093",0
"454","13","095",0
"455","13","097",0
"456","13","099",0
"457","13","101",1
"458","13","103",0
"459","13","105",0
"460","13","107",1
"461","13","109",0
"462","13","111",0
"463","13","113",0
"464","13","115",0
"465","13","117",0
"466","13","119",1
"467","13","121",1
"468","13","000",NA
"469","13","123",0
"470","13","125",0
"471","13","127",0
"472","13","129",0
"473","13","131",0
"474","13","133",1
"475","13","135",0
"476","13","137",1
"477","13","139",0
"478","13","141",1
"479","13","143",0
"480","13","145",0
"481","13","147",0
"482","13","149",1
"483","13","151",0
"484","13","153",0
"485","13","155",0
"486","13","157",0
"487","13","159",1
"488","13","161",1
"489","13","163",0
"490","13","165",0
"491","13","167",0
"492","13","169",0
"493","13","171",0
"494","13","173",1
"495","13","175",0
"496","13","177",0
"497","13","179",0
"498","13","181",1
"499","13","183",0
"500","13","185",1
"501","13","187",0
"502","13","193",0
"503","13","195",1
"504","13","197",1
"505","13","189",1
"506","13","191",0
"507","13","199",0
"508","13","201",0
"509","13","205",1
"510","13","207",0
"511","13","209",1
"512","13","211",1
"513","13","213",0
"514","13","215",0
"515","13","217",0
"516","13","219",0
"517","13","221",1
"518","13","223",0
"519","13","225",0
"520","13","227",0
"521","13","229",1
"522","13","231",0
"523","13","233",0
"524","13","235",0
"525","13","237",0
"526","13","239",0
"527","13","241",1
"528","13","243",0
"529","13","245",0
"530","13","247",0
"531","13","249",0
"532","13","251",1
"533","13","253",0
"534","13","255",0
"535","13","257",1
"536","13","259",0
"537","13","261",0
"538","13","263",0
"539","13","265",0
"540","13","267",0
"541","13","269",1
"542","13","271",0
"543","13","273",0
"544","13","275",0
"545","13","277",0
"546","13","279",1
"547","13","281",0
"548","13","283",0
"549","13","285",0
"550","13","287",0
"551","13","289",0
"552","13","291",1
"553","13","293",0
"554","13","295",0
"555","13","297",0
"556","13","299",0
"557","13","301",1
"558","13","303",0
"559","13","305",0
"560","13","307",0
"561","13","309",0
"562","13","311",0
"563","13","313",0
"564","13","315",0
"565","13","317",1
"566","13","319",0
"567","13","321",0
"568","15","001",NA
"569","15","000",NA
"570","15","003",NA
"571","15","005",NA
"572","15","007",NA
"573","15","009",NA
"574","19","001",0
"575","19","003",0
"576","19","005",0
"577","19","007",0
"578","19","009",0
"579","19","011",1
"580","19","013",0
"581","19","015",0
"582","19","017",0
"583","19","019",0
"584","19","021",0
"585","19","023",1
"586","19","025",1
"587","19","027",1
"588","19","029",0
"589","19","031",0
"590","19","033",0
"591","19","035",0
"592","19","037",0
"593","19","039",1
"594","19","041",0
"595","19","043",0
"596","19","045",0
"597","19","047",0
"598","19","049",0
"599","19","051",0
"600","19","053",0
"601","19","055",0
"602","19","057",1
"603","19","059",0
"604","19","061",0
"605","19","063",0
"606","19","065",0
"607","19","067",0
"608","19","069",0
"609","19","071",0
"610","19","073",0
"611","19","075",0
"612","19","077",1
"613","19","079",0
"614","19","081",0
"615","19","083",0
"616","19","085",0
"617","19","087",0
"618","19","089",0
"619","19","091",0
"620","19","093",0
"621","19","000",NA
"622","19","095",0
"623","19","097",0
"624","19","099",0
"625","19","101",0
"626","19","103",1
"627","19","105",0
"628","19","107",0
"629","19","109",0
"630","19","111",0
"631","19","113",0
"632","19","115",0
"633","19","117",0
"634","19","119",0
"635","19","121",0
"636","19","123",0
"637","19","125",0
"638","19","127",0
"639","19","129",1
"640","19","131",0
"641","19","133",0
"642","19","135",0
"643","19","137",0
"644","19","139",0
"645","19","141",0
"646","19","143",0
"647","19","145",0
"648","19","147",1
"649","19","149",0
"650","19","151",0
"651","19","153",1
"652","19","155",0
"653","19","157",1
"654","19","159",0
"655","19","161",0
"656","19","163",1
"657","19","165",0
"658","19","167",0
"659","19","169",0
"660","19","171",0
"661","19","173",0
"662","19","175",0
"663","19","177",0
"664","19","179",0
"665","19","181",0
"666","19","183",0
"667","19","185",0
"668","19","187",0
"669","19","189",0
"670","19","191",0
"671","19","193",0
"672","19","195",0
"673","19","197",0
"674","16","001",1
"675","16","003",0
"676","16","005",1
"677","16","007",1
"678","16","009",1
"679","16","011",1
"680","16","013",1
"681","16","015",1
"682","16","017",1
"683","16","019",1
"684","16","021",1
"685","16","023",0
"686","16","025",0
"687","16","027",1
"688","16","029",0
"689","16","031",1
"690","16","033",0
"691","16","035",1
"692","16","037",0
"693","16","039",1
"694","16","041",1
"695","16","043",1
"696","16","045",0
"697","16","047",1
"698","16","049",0
"699","16","000",NA
"700","16","051",1
"701","16","053",1
"702","16","055",1
"703","16","057",1
"704","16","059",1
"705","16","061",1
"706","16","063",1
"707","16","065",1
"708","16","067",1
"709","16","069",1
"710","16","071",0
"711","16","073",1
"712","16","075",1
"713","16","077",0
"714","16","079",0
"715","16","081",1
"716","16","083",0
"717","16","085",1
"718","16","087",0
"719","17","001",1
"720","17","003",0
"721","17","005",1
"722","17","007",0
"723","17","009",0
"724","17","011",1
"725","17","013",0
"726","17","015",1
"727","17","017",1
"728","17","019",0
"729","17","021",1
"730","17","023",0
"731","17","025",0
"732","17","027",1
"733","17","029",1
"734","17","031",1
"735","17","033",1
"736","17","035",0
"737","17","037",1
"738","17","039",0
"739","17","041",1
"740","17","043",1
"741","17","045",0
"742","17","047",0
"743","17","049",0
"744","17","051",1
"745","17","053",0
"746","17","055",1
"747","17","057",1
"748","17","059",0
"749","17","061",1
"750","17","063",1
"751","17","065",1
"752","17","067",1
"753","17","069",0
"754","17","071",0
"755","17","073",1
"756","17","000",NA
"757","17","075",1
"758","17","077",1
"759","17","079",0
"760","17","081",0
"761","17","083",0
"762","17","085",1
"763","17","087",1
"764","17","089",1
"765","17","091",1
"766","17","093",1
"767","17","095",1
"768","17","097",1
"769","17","099",1
"770","17","101",1
"771","17","103",1
"772","17","105",1
"773","17","107",1
"774","17","115",1
"775","17","117",1
"776","17","119",1
"777","17","121",0
"778","17","123",1
"779","17","125",1
"780","17","127",1
"781","17","109",1
"782","17","111",1
"783","17","113",1
"784","17","129",0
"785","17","131",1
"786","17","133",1
"787","17","135",1
"788","17","137",1
"789","17","139",0
"790","17","141",1
"791","17","143",1
"792","17","145",1
"793","17","147",1
"794","17","149",1
"795","17","151",0
"796","17","153",1
"797","17","155",1
"798","17","157",1
"799","17","159",1
"800","17","161",1
"801","17","165",1
"802","17","167",1
"803","17","169",0
"804","17","171",1
"805","17","173",1
"806","17","175",1
"807","17","163",1
"808","17","177",1
"809","17","179",1
"810","17","181",1
"811","17","183",1
"812","17","185",0
"813","17","187",1
"814","17","189",0
"815","17","191",1
"816","17","193",1
"817","17","195",1
"818","17","197",1
"819","17","199",1
"820","17","201",1
"821","17","203",1
"822","18","001",0
"823","18","003",1
"824","18","005",1
"825","18","007",0
"826","18","009",0
"827","18","011",1
"828","18","013",0
"829","18","015",1
"830","18","017",1
"831","18","019",1
"832","18","021",1
"833","18","023",0
"834","18","025",1
"835","18","027",0
"836","18","029",1
"837","18","031",1
"838","18","033",1
"839","18","035",1
"840","18","037",1
"841","18","039",1
"842","18","041",0
"843","18","043",0
"844","18","045",1
"845","18","047",1
"846","18","049",0
"847","18","051",1
"848","18","053",1
"849","18","055",1
"850","18","057",1
"851","18","059",0
"852","18","061",1
"853","18","063",1
"854","18","065",0
"855","18","067",0
"856","18","069",1
"857","18","000",NA
"858","18","071",1
"859","18","073",1
"860","18","075",0
"861","18","077",0
"862","18","079",1
"863","18","081",0
"864","18","083",1
"865","18","085",1
"866","18","087",1
"867","18","089",1
"868","18","091",1
"869","18","093",0
"870","18","095",1
"871","18","097",0
"872","18","099",1
"873","18","101",0
"874","18","103",1
"875","18","105",1
"876","18","107",1
"877","18","109",0
"878","18","111",1
"879","18","113",0
"880","18","115",0
"881","18","117",0
"882","18","119",0
"883","18","121",1
"884","18","123",0
"885","18","125",1
"886","18","127",1
"887","18","129",1
"888","18","131",0
"889","18","133",1
"890","18","135",0
"891","18","137",0
"892","18","139",0
"893","18","143",0
"894","18","145",1
"895","18","147",0
"896","18","149",0
"897","18","151",1
"898","18","141",1
"899","18","153",1
"900","18","155",0
"901","18","157",1
"902","18","159",1
"903","18","161",0
"904","18","163",0
"905","18","165",1
"906","18","167",1
"907","18","169",1
"908","18","171",0
"909","18","173",1
"910","18","175",0
"911","18","177",1
"912","18","179",1
"913","18","181",1
"914","18","183",0
"915","20","001",0
"916","20","003",0
"917","20","005",0
"918","20","007",1
"919","20","009",1
"920","20","011",1
"921","20","013",1
"922","20","015",0
"923","20","017",0
"924","20","019",1
"925","20","021",1
"926","20","023",0
"927","20","025",0
"928","20","027",0
"929","20","029",0
"930","20","031",0
"931","20","033",0
"932","20","035",0
"933","20","037",0
"934","20","039",0
"935","20","041",1
"936","20","043",0
"937","20","045",0
"938","20","047",1
"939","20","049",1
"940","20","051",1
"941","20","053",0
"942","20","055",0
"943","20","057",1
"944","20","059",1
"945","20","061",1
"946","20","063",1
"947","20","065",1
"948","20","067",0
"949","20","069",1
"950","20","071",1
"951","20","073",1
"952","20","075",0
"953","20","077",0
"954","20","079",0
"955","20","081",1
"956","20","083",0
"957","20","085",0
"958","20","087",0
"959","20","089",1
"960","20","091",1
"961","20","000",NA
"962","20","093",1
"963","20","095",0
"964","20","097",0
"965","20","099",1
"966","20","101",0
"967","20","103",0
"968","20","105",1
"969","20","107",1
"970","20","109",1
"971","20","111",1
"972","20","115",1
"973","20","117",0
"974","20","113",0
"975","20","119",0
"976","20","121",1
"977","20","123",1
"978","20","125",1
"979","20","127",0
"980","20","129",0
"981","20","131",0
"982","20","133",0
"983","20","135",0
"984","20","137",0
"985","20","139",1
"986","20","141",1
"987","20","143",0
"988","20","145",0
"989","20","147",0
"990","20","149",1
"991","20","151",1
"992","20","153",0
"993","20","155",1
"994","20","157",1
"995","20","159",0
"996","20","161",0
"997","20","163",1
"998","20","165",1
"999","20","167",1
"1000","20","169",0
"1001","20","171",0
"1002","20","173",0
"1003","20","175",0
"1004","20","177",1
"1005","20","179",0
"1006","20","181",0
"1007","20","183",1
"1008","20","185",0
"1009","20","187",0
"1010","20","189",0
"1011","20","191",1
"1012","20","193",0
"1013","20","195",0
"1014","20","197",1
"1015","20","199",0
"1016","20","201",1
"1017","20","203",0
"1018","20","205",1
"1019","20","207",1
"1020","20","209",0
"1021","21","001",0
"1022","21","003",0
"1023","21","005",1
"1024","21","007",0
"1025","21","009",0
"1026","21","011",0
"1027","21","013",0
"1028","21","015",0
"1029","21","017",0
"1030","21","019",1
"1031","21","021",0
"1032","21","023",0
"1033","21","025",1
"1034","21","027",0
"1035","21","029",0
"1036","21","031",1
"1037","21","033",0
"1038","21","035",0
"1039","21","037",0
"1040","21","039",0
"1041","21","041",1
"1042","21","043",0
"1043","21","045",0
"1044","21","047",0
"1045","21","049",0
"1046","21","051",0
"1047","21","053",0
"1048","21","055",0
"1049","21","057",0
"1050","21","059",0
"1051","21","061",1
"1052","21","063",0
"1053","21","065",0
"1054","21","067",0
"1055","21","069",0
"1056","21","071",1
"1057","21","073",0
"1058","21","075",0
"1059","21","077",0
"1060","21","079",0
"1061","21","081",0
"1062","21","083",0
"1063","21","085",0
"1064","21","087",0
"1065","21","089",1
"1066","21","091",0
"1067","21","093",0
"1068","21","095",1
"1069","21","097",1
"1070","21","099",0
"1071","21","101",0
"1072","21","103",0
"1073","21","105",0
"1074","21","107",1
"1075","21","109",0
"1076","21","111",0
"1077","21","113",1
"1078","21","115",0
"1079","21","117",0
"1080","21","000",NA
"1081","21","119",0
"1082","21","121",0
"1083","21","123",0
"1084","21","125",1
"1085","21","127",0
"1086","21","129",0
"1087","21","131",0
"1088","21","133",1
"1089","21","135",0
"1090","21","137",1
"1091","21","139",1
"1092","21","141",1
"1093","21","143",1
"1094","21","151",1
"1095","21","153",1
"1096","21","155",0
"1097","21","157",0
"1098","21","159",0
"1099","21","161",0
"1100","21","145",0
"1101","21","147",0
"1102","21","149",0
"1103","21","163",0
"1104","21","165",1
"1105","21","167",0
"1106","21","169",0
"1107","21","171",0
"1108","21","173",0
"1109","21","175",0
"1110","21","177",1
"1111","21","179",0
"1112","21","181",0
"1113","21","183",1
"1114","21","185",0
"1115","21","187",0
"1116","21","189",0
"1117","21","191",0
"1118","21","193",0
"1119","21","195",1
"1120","21","197",0
"1121","21","199",0
"1122","21","201",0
"1123","21","203",0
"1124","21","205",0
"1125","21","207",0
"1126","21","209",0
"1127","21","211",0
"1128","21","213",0
"1129","21","215",0
"1130","21","217",0
"1131","21","219",1
"1132","21","221",0
"1133","21","223",0
"1134","21","225",1
"1135","21","227",0
"1136","21","229",0
"1137","21","231",0
"1138","21","233",1
"1139","21","235",1
"1140","21","237",0
"1141","21","239",1
"1142","22","001",1
"1143","22","003",1
"1144","22","005",1
"1145","22","007",0
"1146","22","009",1
"1147","22","011",1
"1148","22","013",1
"1149","22","015",1
"1150","22","017",1
"1151","22","019",1
"1152","22","021",1
"1153","22","023",1
"1154","22","025",1
"1155","22","027",1
"1156","22","029",1
"1157","22","031",1
"1158","22","033",0
"1159","22","035",1
"1160","22","037",1
"1161","22","039",1
"1162","22","041",1
"1163","22","043",1
"1164","22","045",1
"1165","22","047",1
"1166","22","049",1
"1167","22","051",1
"1168","22","053",1
"1169","22","055",1
"1170","22","057",0
"1171","22","059",1
"1172","22","061",1
"1173","22","063",1
"1174","22","000",NA
"1175","22","065",1
"1176","22","067",1
"1177","22","069",1
"1178","22","071",0
"1179","22","073",1
"1180","22","075",1
"1181","22","077",1
"1182","22","079",1
"1183","22","081",1
"1184","22","083",1
"1185","22","085",1
"1186","22","087",0
"1187","22","089",0
"1188","22","091",0
"1189","22","093",1
"1190","22","095",0
"1191","22","097",1
"1192","22","099",1
"1193","22","101",1
"1194","22","103",1
"1195","22","105",1
"1196","22","107",1
"1197","22","109",0
"1198","22","111",1
"1199","22","113",1
"1200","22","115",1
"1201","22","117",1
"1202","22","119",1
"1203","22","121",1
"1204","22","123",1
"1205","22","125",1
"1206","22","127",1
"1207","25","001",1
"1208","25","003",0
"1209","25","005",0
"1210","25","007",0
"1211","25","009",1
"1212","25","011",0
"1213","25","013",1
"1214","25","015",1
"1215","25","000",NA
"1216","25","017",0
"1217","25","019",0
"1218","25","021",1
"1219","25","023",1
"1220","25","025",0
"1221","25","027",1
"1222","24","001",1
"1223","24","003",1
"1224","24","005",1
"1225","24","510",1
"1226","24","009",1
"1227","24","011",1
"1228","24","013",1
"1229","24","015",1
"1230","24","017",1
"1231","24","019",1
"1232","24","021",1
"1233","24","023",1
"1234","24","025",1
"1235","24","027",1
"1236","24","029",1
"1237","24","000",NA
"1238","24","031",0
"1239","24","033",1
"1240","24","035",1
"1241","24","039",1
"1242","24","037",1
"1243","24","041",1
"1244","24","043",1
"1245","24","045",1
"1246","24","047",1
"1247","23","001",1
"1248","23","003",1
"1249","23","005",1
"1250","23","007",1
"1251","23","009",1
"1252","23","011",0
"1253","23","013",1
"1254","23","015",1
"1255","23","000",NA
"1256","23","017",1
"1257","23","019",1
"1258","23","021",1
"1259","23","023",0
"1260","23","025",0
"1261","23","027",1
"1262","23","029",1
"1263","23","031",1
"1264","26","001",0
"1265","26","003",1
"1266","26","005",1
"1267","26","007",0
"1268","26","009",1
"1269","26","011",0
"1270","26","013",0
"1271","26","015",1
"1272","26","017",1
"1273","26","019",0
"1274","26","021",1
"1275","26","023",1
"1276","26","025",1
"1277","26","027",1
"1278","26","029",0
"1279","26","031",0
"1280","26","033",1
"1281","26","035",0
"1282","26","037",1
"1283","26","039",0
"1284","26","041",0
"1285","26","043",0
"1286","26","045",1
"1287","26","047",1
"1288","26","049",1
"1289","26","051",1
"1290","26","053",1
"1291","26","055",0
"1292","26","057",0
"1293","26","059",1
"1294","26","061",1
"1295","26","063",1
"1296","26","065",1
"1297","26","067",1
"1298","26","069",1
"1299","26","071",0
"1300","26","073",1
"1301","26","075",1
"1302","26","077",1
"1303","26","079",0
"1304","26","081",1
"1305","26","083",1
"1306","26","085",0
"1307","26","087",0
"1308","26","089",0
"1309","26","091",1
"1310","26","093",1
"1311","26","095",0
"1312","26","097",1
"1313","26","099",1
"1314","26","101",0
"1315","26","103",1
"1316","26","105",0
"1317","26","107",1
"1318","26","109",0
"1319","26","000",NA
"1320","26","111",0
"1321","26","113",1
"1322","26","115",0
"1323","26","117",1
"1324","26","119",0
"1325","26","121",1
"1326","26","123",1
"1327","26","125",1
"1328","26","127",1
"1329","26","129",0
"1330","26","131",0
"1331","26","133",0
"1332","26","135",0
"1333","26","137",0
"1334","26","139",1
"1335","26","141",0
"1336","26","143",0
"1337","26","145",1
"1338","26","151",1
"1339","26","153",0
"1340","26","155",1
"1341","26","147",1
"1342","26","149",0
"1343","26","157",0
"1344","26","159",1
"1345","26","161",1
"1346","26","163",1
"1347","26","165",1
"1348","27","001",1
"1349","27","003",0
"1350","27","005",1
"1351","27","007",1
"1352","27","009",0
"1353","27","011",0
"1354","27","013",1
"1355","27","015",0
"1356","27","017",0
"1357","27","019",0
"1358","27","021",0
"1359","27","023",0
"1360","27","025",0
"1361","27","027",1
"1362","27","029",0
"1363","27","031",0
"1364","27","033",0
"1365","27","035",1
"1366","27","037",1
"1367","27","039",0
"1368","27","041",1
"1369","27","043",0
"1370","27","045",0
"1371","27","047",1
"1372","27","049",0
"1373","27","051",0
"1374","27","053",0
"1375","27","055",0
"1376","27","057",0
"1377","27","059",0
"1378","27","061",0
"1379","27","063",0
"1380","27","065",0
"1381","27","067",1
"1382","27","069",0
"1383","27","071",0
"1384","27","073",0
"1385","27","075",0
"1386","27","077",0
"1387","27","079",0
"1388","27","081",0
"1389","27","083",0
"1390","27","087",0
"1391","27","089",0
"1392","27","091",0
"1393","27","085",0
"1394","27","093",0
"1395","27","095",0
"1396","27","000",NA
"1397","27","097",0
"1398","27","099",0
"1399","27","101",0
"1400","27","103",0
"1401","27","105",1
"1402","27","107",0
"1403","27","109",0
"1404","27","111",1
"1405","27","113",0
"1406","27","115",0
"1407","27","117",0
"1408","27","119",0
"1409","27","121",0
"1410","27","123",0
"1411","27","125",0
"1412","27","127",0
"1413","27","129",0
"1414","27","131",0
"1415","27","133",0
"1416","27","135",1
"1417","27","139",0
"1418","27","141",0
"1419","27","143",1
"1420","27","145",0
"1421","27","147",1
"1422","27","149",0
"1423","27","137",1
"1424","27","151",0
"1425","27","153",0
"1426","27","155",0
"1427","27","157",0
"1428","27","159",0
"1429","27","161",0
"1430","27","163",0
"1431","27","165",0
"1432","27","167",0
"1433","27","169",0
"1434","27","171",1
"1435","27","173",1
"1436","29","001",0
"1437","29","003",1
"1438","29","005",0
"1439","29","007",0
"1440","29","009",0
"1441","29","011",0
"1442","29","013",1
"1443","29","015",0
"1444","29","017",0
"1445","29","019",0
"1446","29","021",0
"1447","29","023",0
"1448","29","025",1
"1449","29","027",0
"1450","29","029",1
"1451","29","031",0
"1452","29","033",0
"1453","29","035",0
"1454","29","037",1
"1455","29","039",1
"1456","29","041",0
"1457","29","043",0
"1458","29","045",0
"1459","29","047",0
"1460","29","049",0
"1461","29","051",0
"1462","29","053",0
"1463","29","055",0
"1464","29","057",1
"1465","29","059",0
"1466","29","061",0
"1467","29","063",1
"1468","29","065",0
"1469","29","067",0
"1470","29","069",1
"1471","29","071",1
"1472","29","073",0
"1473","29","075",1
"1474","29","077",0
"1475","29","079",0
"1476","29","081",1
"1477","29","083",1
"1478","29","085",1
"1479","29","087",1
"1480","29","089",0
"1481","29","091",0
"1482","29","093",1
"1483","29","095",0
"1484","29","097",0
"1485","29","099",1
"1486","29","101",0
"1487","29","103",0
"1488","29","105",0
"1489","29","107",1
"1490","29","109",1
"1491","29","111",0
"1492","29","113",1
"1493","29","115",0
"1494","29","117",1
"1495","29","121",0
"1496","29","123",0
"1497","29","125",0
"1498","29","127",0
"1499","29","119",0
"1500","29","129",1
"1501","29","131",1
"1502","29","133",1
"1503","29","000",NA
"1504","29","135",1
"1505","29","137",1
"1506","29","139",1
"1507","29","141",1
"1508","29","143",0
"1509","29","145",0
"1510","29","147",1
"1511","29","149",0
"1512","29","151",0
"1513","29","153",1
"1514","29","155",0
"1515","29","157",0
"1516","29","159",1
"1517","29","161",1
"1518","29","163",1
"1519","29","165",0
"1520","29","167",0
"1521","29","169",0
"1522","29","171",0
"1523","29","173",0
"1524","29","175",0
"1525","29","177",0
"1526","29","179",0
"1527","29","181",1
"1528","29","195",1
"1529","29","197",0
"1530","29","199",1
"1531","29","201",1
"1532","29","203",0
"1533","29","205",1
"1534","29","183",0
"1535","29","185",0
"1536","29","186",1
"1537","29","187",1
"1538","29","189",0
"1539","29","510",0
"1540","29","207",0
"1541","29","209",1
"1542","29","211",0
"1543","29","213",1
"1544","29","215",1
"1545","29","217",0
"1546","29","219",1
"1547","29","221",0
"1548","29","223",0
"1549","29","225",1
"1550","29","227",0
"1551","29","229",0
"1552","28","001",0
"1553","28","003",0
"1554","28","005",0
"1555","28","007",0
"1556","28","009",1
"1557","28","011",1
"1558","28","013",1
"1559","28","015",0
"1560","28","017",1
"1561","28","019",1
"1562","28","021",1
"1563","28","023",0
"1564","28","025",1
"1565","28","027",1
"1566","28","029",1
"1567","28","031",1
"1568","28","033",1
"1569","28","035",1
"1570","28","037",1
"1571","28","039",0
"1572","28","041",1
"1573","28","043",0
"1574","28","045",1
"1575","28","047",1
"1576","28","049",1
"1577","28","051",1
"1578","28","053",1
"1579","28","055",1
"1580","28","057",1
"1581","28","059",1
"1582","28","061",1
"1583","28","063",0
"1584","28","065",1
"1585","28","067",1
"1586","28","069",1
"1587","28","071",1
"1588","28","073",1
"1589","28","075",1
"1590","28","077",1
"1591","28","079",1
"1592","28","081",1
"1593","28","083",1
"1594","28","085",1
"1595","28","087",1
"1596","28","089",1
"1597","28","091",1
"1598","28","093",0
"1599","28","000",NA
"1600","28","095",1
"1601","28","097",1
"1602","28","099",0
"1603","28","101",1
"1604","28","103",1
"1605","28","105",1
"1606","28","107",1
"1607","28","109",1
"1608","28","111",1
"1609","28","113",1
"1610","28","115",1
"1611","28","117",1
"1612","28","119",1
"1613","28","121",1
"1614","28","123",1
"1615","28","125",1
"1616","28","127",0
"1617","28","129",1
"1618","28","131",1
"1619","28","133",1
"1620","28","135",1
"1621","28","137",1
"1622","28","139",1
"1623","28","141",0
"1624","28","143",1
"1625","28","145",1
"1626","28","147",0
"1627","28","149",1
"1628","28","151",1
"1629","28","153",1
"1630","28","155",0
"1631","28","157",0
"1632","28","159",0
"1633","28","161",1
"1634","28","163",1
"1635","30","001",0
"1636","30","003",0
"1637","30","005",1
"1638","30","007",0
"1639","30","009",0
"1640","30","011",0
"1641","30","013",1
"1642","30","015",0
"1643","30","017",1
"1644","30","019",0
"1645","30","021",1
"1646","30","023",0
"1647","30","025",0
"1648","30","027",1
"1649","30","029",1
"1650","30","031",1
"1651","30","033",0
"1652","30","035",0
"1653","30","037",1
"1654","30","039",1
"1655","30","041",1
"1656","30","043",1
"1657","30","045",0
"1658","30","047",1
"1659","30","049",1
"1660","30","051",1
"1661","30","053",0
"1662","30","057",1
"1663","30","055",0
"1664","30","059",0
"1665","30","061",0
"1666","30","063",1
"1667","30","000",NA
"1668","30","065",0
"1669","30","067",0
"1670","30","069",0
"1671","30","071",0
"1672","30","073",0
"1673","30","075",0
"1674","30","077",0
"1675","30","079",NA
"1676","30","081",1
"1677","30","083",1
"1678","30","085",0
"1679","30","087",1
"1680","30","089",0
"1681","30","091",0
"1682","30","093",0
"1683","30","095",0
"1684","30","097",0
"1685","30","099",0
"1686","30","101",0
"1687","30","103",0
"1688","30","105",0
"1689","30","107",0
"1690","30","109",0
"1691","30","111",1
"1692","37","001",1
"1693","37","003",0
"1694","37","005",0
"1695","37","007",1
"1696","37","009",1
"1697","37","011",1
"1698","37","013",1
"1699","37","015",1
"1700","37","017",1
"1701","37","019",1
"1702","37","021",1
"1703","37","023",1
"1704","37","025",1
"1705","37","027",1
"1706","37","029",0
"1707","37","031",1
"1708","37","033",0
"1709","37","035",1
"1710","37","037",1
"1711","37","039",1
"1712","37","041",1
"1713","37","043",1
"1714","37","045",1
"1715","37","047",1
"1716","37","049",1
"1717","37","051",1
"1718","37","053",1
"1719","37","055",0
"1720","37","057",0
"1721","37","059",0
"1722","37","061",1
"1723","37","063",1
"1724","37","065",1
"1725","37","067",0
"1726","37","069",1
"1727","37","071",1
"1728","37","073",0
"1729","37","075",0
"1730","37","077",1
"1731","37","079",1
"1732","37","081",1
"1733","37","083",1
"1734","37","085",1
"1735","37","087",1
"1736","37","089",1
"1737","37","091",1
"1738","37","093",1
"1739","37","095",0
"1740","37","097",1
"1741","37","099",1
"1742","37","101",1
"1743","37","103",0
"1744","37","105",1
"1745","37","107",0
"1746","37","109",1
"1747","37","113",1
"1748","37","115",0
"1749","37","117",1
"1750","37","111",1
"1751","37","119",1
"1752","37","121",1
"1753","37","123",1
"1754","37","125",1
"1755","37","127",1
"1756","37","129",1
"1757","37","131",1
"1758","37","000",NA
"1759","37","133",1
"1760","37","135",1
"1761","37","137",1
"1762","37","139",0
"1763","37","141",1
"1764","37","143",1
"1765","37","145",0
"1766","37","147",1
"1767","37","149",1
"1768","37","151",1
"1769","37","153",1
"1770","37","155",1
"1771","37","157",1
"1772","37","159",1
"1773","37","161",1
"1774","37","163",1
"1775","37","165",1
"1776","37","167",1
"1777","37","169",1
"1778","37","171",1
"1779","37","173",1
"1780","37","175",1
"1781","37","177",1
"1782","37","179",0
"1783","37","181",1
"1784","37","183",1
"1785","37","185",1
"1786","37","187",1
"1787","37","189",1
"1788","37","191",1
"1789","37","193",1
"1790","37","195",1
"1791","37","197",1
"1792","37","199",0
"1793","38","001",0
"1794","38","003",0
"1795","38","005",1
"1796","38","007",0
"1797","38","009",1
"1798","38","011",0
"1799","38","013",1
"1800","38","015",0
"1801","38","017",1
"1802","38","019",0
"1803","38","021",1
"1804","38","023",1
"1805","38","025",0
"1806","38","027",0
"1807","38","029",0
"1808","38","031",0
"1809","38","033",0
"1810","38","035",0
"1811","38","037",0
"1812","38","039",0
"1813","38","041",0
"1814","38","043",0
"1815","38","045",0
"1816","38","047",0
"1817","38","049",1
"1818","38","051",0
"1819","38","053",1
"1820","38","055",0
"1821","38","057",0
"1822","38","059",0
"1823","38","061",0
"1824","38","063",0
"1825","38","000",NA
"1826","38","065",0
"1827","38","067",0
"1828","38","069",0
"1829","38","071",0
"1830","38","073",0
"1831","38","075",0
"1832","38","077",0
"1833","38","079",0
"1834","38","081",0
"1835","38","083",0
"1836","38","085",0
"1837","38","087",0
"1838","38","089",0
"1839","38","091",0
"1840","38","093",0
"1841","38","095",0
"1842","38","097",0
"1843","38","099",0
"1844","38","101",0
"1845","38","103",1
"1846","38","105",1
"1847","31","001",1
"1848","31","003",0
"1849","31","005",NA
"1850","31","007",0
"1851","31","009",0
"1852","31","011",0
"1853","31","013",0
"1854","31","015",0
"1855","31","017",0
"1856","31","019",0
"1857","31","021",0
"1858","31","023",0
"1859","31","025",1
"1860","31","027",1
"1861","31","029",0
"1862","31","031",0
"1863","31","033",0
"1864","31","035",0
"1865","31","037",0
"1866","31","039",1
"1867","31","041",0
"1868","31","043",0
"1869","31","045",1
"1870","31","047",1
"1871","31","049",1
"1872","31","051",1
"1873","31","053",1
"1874","31","055",0
"1875","31","057",0
"1876","31","059",0
"1877","31","061",0
"1878","31","063",0
"1879","31","065",0
"1880","31","067",0
"1881","31","069",0
"1882","31","071",0
"1883","31","073",0
"1884","31","075",0
"1885","31","077",1
"1886","31","079",0
"1887","31","081",1
"1888","31","083",0
"1889","31","085",0
"1890","31","087",1
"1891","31","089",0
"1892","31","091",0
"1893","31","093",0
"1894","31","095",1
"1895","31","097",0
"1896","31","099",0
"1897","31","101",0
"1898","31","103",0
"1899","31","105",0
"1900","31","107",0
"1901","31","109",0
"1902","31","111",0
"1903","31","113",0
"1904","31","115",NA
"1905","31","119",0
"1906","31","117",NA
"1907","31","121",0
"1908","31","123",0
"1909","31","125",1
"1910","31","000",NA
"1911","31","127",0
"1912","31","129",0
"1913","31","131",1
"1914","31","133",0
"1915","31","135",1
"1916","31","137",0
"1917","31","139",1
"1918","31","141",1
"1919","31","143",0
"1920","31","145",1
"1921","31","147",0
"1922","31","149",0
"1923","31","151",0
"1924","31","153",1
"1925","31","155",0
"1926","31","157",0
"1927","31","159",1
"1928","31","161",0
"1929","31","163",0
"1930","31","165",0
"1931","31","167",0
"1932","31","169",1
"1933","31","171",0
"1934","31","173",1
"1935","31","175",0
"1936","31","177",1
"1937","31","179",0
"1938","31","181",0
"1939","31","183",0
"1940","31","185",1
"1941","33","001",1
"1942","33","003",1
"1943","33","005",0
"1944","33","007",0
"1945","33","009",1
"1946","33","011",1
"1947","33","013",1
"1948","33","000",NA
"1949","33","015",1
"1950","33","017",1
"1951","33","019",0
"1952","34","001",1
"1953","34","003",1
"1954","34","005",1
"1955","34","007",1
"1956","34","009",1
"1957","34","011",1
"1958","34","013",1
"1959","34","015",0
"1960","34","017",0
"1961","34","019",1
"1962","34","021",1
"1963","34","023",1
"1964","34","025",0
"1965","34","027",1
"1966","34","000",NA
"1967","34","029",1
"1968","34","031",1
"1969","34","033",1
"1970","34","035",0
"1971","34","037",1
"1972","34","039",0
"1973","34","041",0
"1974","35","001",1
"1975","35","003",1
"1976","35","005",1
"1977","35","006",1
"1978","35","007",1
"1979","35","009",1
"1980","35","011",0
"1981","35","013",1
"1982","35","015",1
"1983","35","017",1
"1984","35","019",1
"1985","35","021",1
"1986","35","023",1
"1987","35","025",1
"1988","35","027",1
"1989","35","028",0
"1990","35","029",1
"1991","35","031",1
"1992","35","033",1
"1993","35","000",NA
"1994","35","035",1
"1995","35","037",1
"1996","35","039",1
"1997","35","041",1
"1998","35","043",1
"1999","35","045",1
"2000","35","047",1
"2001","35","049",1
"2002","35","051",1
"2003","35","053",1
"2004","35","055",1
"2005","35","057",1
"2006","35","059",1
"2007","35","061",1
"2008","32","510",NA
"2009","32","001",1
"2010","32","003",1
"2011","32","005",1
"2012","32","007",0
"2013","32","009",0
"2014","32","011",0
"2015","32","013",1
"2016","32","015",1
"2017","32","017",0
"2018","32","019",1
"2019","32","021",1
"2020","32","000",NA
"2021","32","023",1
"2022","32","027",0
"2023","32","029",0
"2024","32","031",1
"2025","32","033",0
"2026","36","001",1
"2027","36","003",1
"2028","36","005",0
"2029","36","007",1
"2030","36","009",1
"2031","36","011",1
"2032","36","013",1
"2033","36","015",0
"2034","36","017",0
"2035","36","019",1
"2036","36","021",1
"2037","36","023",1
"2038","36","025",1
"2039","36","027",1
"2040","36","029",1
"2041","36","031",0
"2042","36","033",0
"2043","36","035",1
"2044","36","037",0
"2045","36","039",1
"2046","36","041",0
"2047","36","043",1
"2048","36","045",1
"2049","36","047",0
"2050","36","049",0
"2051","36","051",0
"2052","36","053",1
"2053","36","055",0
"2054","36","057",1
"2055","36","059",1
"2056","36","061",0
"2057","36","000",NA
"2058","36","063",1
"2059","36","065",1
"2060","36","067",1
"2061","36","069",1
"2062","36","071",1
"2063","36","073",0
"2064","36","075",1
"2065","36","077",1
"2066","36","079",1
"2067","36","081",0
"2068","36","083",1
"2069","36","085",0
"2070","36","087",1
"2071","36","091",1
"2072","36","093",0
"2073","36","095",1
"2074","36","097",0
"2075","36","099",1
"2076","36","101",1
"2077","36","089",1
"2078","36","103",1
"2079","36","105",1
"2080","36","107",1
"2081","36","109",1
"2082","36","111",1
"2083","36","113",1
"2084","36","115",1
"2085","36","117",0
"2086","36","119",1
"2087","36","121",0
"2088","36","123",1
"2089","39","001",1
"2090","39","003",1
"2091","39","005",1
"2092","39","007",1
"2093","39","009",1
"2094","39","011",1
"2095","39","013",1
"2096","39","015",1
"2097","39","017",0
"2098","39","019",1
"2099","39","021",1
"2100","39","023",1
"2101","39","025",1
"2102","39","027",1
"2103","39","029",1
"2104","39","031",1
"2105","39","033",1
"2106","39","035",0
"2107","39","037",1
"2108","39","039",1
"2109","39","041",0
"2110","39","043",0
"2111","39","045",1
"2112","39","047",1
"2113","39","049",1
"2114","39","051",1
"2115","39","053",0
"2116","39","055",1
"2117","39","057",1
"2118","39","059",1
"2119","39","061",1
"2120","39","063",1
"2121","39","065",1
"2122","39","067",1
"2123","39","069",1
"2124","39","071",0
"2125","39","073",1
"2126","39","075",1
"2127","39","077",1
"2128","39","079",1
"2129","39","081",1
"2130","39","083",0
"2131","39","085",0
"2132","39","087",1
"2133","39","089",1
"2134","39","091",1
"2135","39","093",1
"2136","39","095",0
"2137","39","097",1
"2138","39","099",1
"2139","39","101",0
"2140","39","103",1
"2141","39","105",1
"2142","39","107",0
"2143","39","109",1
"2144","39","111",1
"2145","39","113",1
"2146","39","115",1
"2147","39","117",0
"2148","39","119",1
"2149","39","121",1
"2150","39","000",NA
"2151","39","123",1
"2152","39","125",1
"2153","39","127",1
"2154","39","129",1
"2155","39","131",0
"2156","39","133",1
"2157","39","135",1
"2158","39","137",1
"2159","39","139",1
"2160","39","141",1
"2161","39","143",1
"2162","39","145",0
"2163","39","147",1
"2164","39","149",1
"2165","39","151",1
"2166","39","153",1
"2167","39","155",0
"2168","39","157",1
"2169","39","159",1
"2170","39","161",1
"2171","39","163",1
"2172","39","165",1
"2173","39","167",1
"2174","39","169",1
"2175","39","171",1
"2176","39","173",1
"2177","39","175",0
"2178","40","001",1
"2179","40","003",1
"2180","40","005",1
"2181","40","007",1
"2182","40","009",1
"2183","40","011",1
"2184","40","013",1
"2185","40","015",1
"2186","40","017",1
"2187","40","019",1
"2188","40","021",1
"2189","40","023",1
"2190","40","025",1
"2191","40","027",1
"2192","40","029",1
"2193","40","031",1
"2194","40","033",1
"2195","40","035",1
"2196","40","037",1
"2197","40","039",1
"2198","40","041",1
"2199","40","043",1
"2200","40","045",1
"2201","40","047",1
"2202","40","049",1
"2203","40","051",1
"2204","40","053",1
"2205","40","055",1
"2206","40","057",1
"2207","40","059",0
"2208","40","061",1
"2209","40","063",1
"2210","40","065",1
"2211","40","067",1
"2212","40","069",1
"2213","40","071",1
"2214","40","073",1
"2215","40","075",1
"2216","40","077",1
"2217","40","079",1
"2218","40","081",1
"2219","40","083",1
"2220","40","085",0
"2221","40","093",1
"2222","40","095",1
"2223","40","097",1
"2224","40","087",1
"2225","40","089",1
"2226","40","091",1
"2227","40","099",1
"2228","40","101",1
"2229","40","103",1
"2230","40","105",1
"2231","40","107",1
"2232","40","109",1
"2233","40","000",NA
"2234","40","111",1
"2235","40","113",1
"2236","40","115",1
"2237","40","117",1
"2238","40","119",1
"2239","40","121",1
"2240","40","123",1
"2241","40","125",1
"2242","40","127",1
"2243","40","129",1
"2244","40","131",1
"2245","40","133",1
"2246","40","135",1
"2247","40","137",1
"2248","40","139",1
"2249","40","141",1
"2250","40","143",1
"2251","40","145",1
"2252","40","147",1
"2253","40","149",1
"2254","40","151",1
"2255","40","153",1
"2256","41","001",1
"2257","41","003",1
"2258","41","005",1
"2259","41","007",1
"2260","41","009",1
"2261","41","011",1
"2262","41","013",1
"2263","41","015",1
"2264","41","017",1
"2265","41","019",1
"2266","41","021",0
"2267","41","023",0
"2268","41","025",0
"2269","41","027",0
"2270","41","029",1
"2271","41","031",0
"2272","41","033",1
"2273","41","035",1
"2274","41","037",1
"2275","41","039",1
"2276","41","041",1
"2277","41","043",1
"2278","41","045",1
"2279","41","047",1
"2280","41","049",1
"2281","41","051",1
"2282","41","000",NA
"2283","41","053",1
"2284","41","055",0
"2285","41","057",1
"2286","41","059",1
"2287","41","061",0
"2288","41","063",0
"2289","41","065",1
"2290","41","067",1
"2291","41","069",0
"2292","41","071",1
"2293","42","001",1
"2294","42","003",1
"2295","42","005",1
"2296","42","007",1
"2297","42","009",1
"2298","42","011",1
"2299","42","013",0
"2300","42","015",1
"2301","42","017",1
"2302","42","019",0
"2303","42","021",1
"2304","42","023",0
"2305","42","025",1
"2306","42","027",1
"2307","42","029",1
"2308","42","031",1
"2309","42","033",1
"2310","42","035",1
"2311","42","037",1
"2312","42","039",1
"2313","42","041",0
"2314","42","043",1
"2315","42","045",1
"2316","42","047",1
"2317","42","049",1
"2318","42","051",1
"2319","42","053",0
"2320","42","055",1
"2321","42","057",0
"2322","42","059",1
"2323","42","061",1
"2324","42","063",1
"2325","42","065",0
"2326","42","067",1
"2327","42","069",0
"2328","42","071",1
"2329","42","073",1
"2330","42","075",0
"2331","42","077",1
"2332","42","079",1
"2333","42","081",1
"2334","42","083",1
"2335","42","085",1
"2336","42","087",0
"2337","42","089",1
"2338","42","091",1
"2339","42","093",0
"2340","42","095",1
"2341","42","097",0
"2342","42","000",NA
"2343","42","099",1
"2344","42","101",0
"2345","42","103",1
"2346","42","105",1
"2347","42","107",1
"2348","42","109",0
"2349","42","111",0
"2350","42","113",0
"2351","42","115",1
"2352","42","117",1
"2353","42","119",0
"2354","42","121",1
"2355","42","123",1
"2356","42","125",1
"2357","42","127",1
"2358","42","129",0
"2359","42","131",1
"2360","42","133",1
"2361","44","001",0
"2362","44","003",0
"2363","44","005",0
"2364","44","007",1
"2365","44","000",NA
"2366","44","009",1
"2367","45","001",1
"2368","45","003",1
"2369","45","005",0
"2370","45","007",0
"2371","45","009",0
"2372","45","011",0
"2373","45","013",1
"2374","45","015",1
"2375","45","017",0
"2376","45","019",1
"2377","45","021",0
"2378","45","023",0
"2379","45","025",1
"2380","45","027",0
"2381","45","029",1
"2382","45","031",0
"2383","45","033",0
"2384","45","035",0
"2385","45","037",0
"2386","45","039",1
"2387","45","041",0
"2388","45","043",1
"2389","45","045",0
"2390","45","047",1
"2391","45","049",0
"2392","45","051",0
"2393","45","053",0
"2394","45","055",0
"2395","45","057",0
"2396","45","059",1
"2397","45","061",0
"2398","45","063",1
"2399","45","067",0
"2400","45","069",0
"2401","45","065",0
"2402","45","071",1
"2403","45","073",1
"2404","45","075",0
"2405","45","077",0
"2406","45","079",1
"2407","45","081",1
"2408","45","000",NA
"2409","45","083",0
"2410","45","085",1
"2411","45","087",1
"2412","45","089",0
"2413","45","091",1
"2414","46","003",0
"2415","46","005",0
"2416","46","007",0
"2417","46","009",1
"2418","46","011",0
"2419","46","013",1
"2420","46","015",1
"2421","46","017",0
"2422","46","019",1
"2423","46","021",0
"2424","46","023",0
"2425","46","025",0
"2426","46","027",0
"2427","46","029",1
"2428","46","031",1
"2429","46","033",1
"2430","46","035",0
"2431","46","037",1
"2432","46","039",1
"2433","46","041",1
"2434","46","043",0
"2435","46","045",0
"2436","46","047",0
"2437","46","049",0
"2438","46","051",0
"2439","46","053",0
"2440","46","055",0
"2441","46","057",0
"2442","46","059",0
"2443","46","061",1
"2444","46","063",0
"2445","46","065",0
"2446","46","067",0
"2447","46","069",0
"2448","46","071",0
"2449","46","073",0
"2450","46","075",0
"2451","46","077",0
"2452","46","079",0
"2453","46","081",1
"2454","46","083",0
"2455","46","085",0
"2456","46","091",0
"2457","46","087",0
"2458","46","089",0
"2459","46","093",1
"2460","46","095",1
"2461","46","097",0
"2462","46","099",0
"2463","46","101",0
"2464","46","102",0
"2465","46","103",1
"2466","46","105",0
"2467","46","107",0
"2468","46","109",0
"2469","46","111",0
"2470","46","000",NA
"2471","46","115",0
"2472","46","117",0
"2473","46","119",0
"2474","46","121",0
"2475","46","123",0
"2476","46","125",1
"2477","46","127",0
"2478","46","129",0
"2479","46","135",0
"2480","46","137",0
"2481","47","001",0
"2482","47","003",0
"2483","47","005",0
"2484","47","007",1
"2485","47","009",0
"2486","47","011",0
"2487","47","013",0
"2488","47","015",0
"2489","47","017",0
"2490","47","019",1
"2491","47","021",0
"2492","47","023",0
"2493","47","025",0
"2494","47","027",0
"2495","47","029",0
"2496","47","031",0
"2497","47","033",0
"2498","47","035",0
"2499","47","037",0
"2500","47","039",0
"2501","47","041",0
"2502","47","043",0
"2503","47","045",0
"2504","47","047",0
"2505","47","049",1
"2506","47","051",0
"2507","47","053",0
"2508","47","055",0
"2509","47","057",0
"2510","47","059",0
"2511","47","061",1
"2512","47","063",0
"2513","47","065",0
"2514","47","067",0
"2515","47","069",0
"2516","47","071",0
"2517","47","073",0
"2518","47","075",0
"2519","47","077",0
"2520","47","079",0
"2521","47","081",0
"2522","47","083",0
"2523","47","085",0
"2524","47","087",1
"2525","47","089",0
"2526","47","091",0
"2527","47","093",0
"2528","47","095",0
"2529","47","097",0
"2530","47","099",0
"2531","47","101",0
"2532","47","103",0
"2533","47","105",0
"2534","47","111",0
"2535","47","113",0
"2536","47","115",0
"2537","47","117",0
"2538","47","119",0
"2539","47","107",0
"2540","47","109",0
"2541","47","121",0
"2542","47","123",0
"2543","47","125",1
"2544","47","127",0
"2545","47","129",0
"2546","47","131",0
"2547","47","133",0
"2548","47","135",0
"2549","47","137",1
"2550","47","139",0
"2551","47","141",0
"2552","47","143",1
"2553","47","145",1
"2554","47","147",0
"2555","47","149",0
"2556","47","151",0
"2557","47","153",0
"2558","47","155",0
"2559","47","157",0
"2560","47","159",0
"2561","47","161",0
"2562","47","163",0
"2563","47","165",0
"2564","47","000",NA
"2565","47","167",0
"2566","47","169",1
"2567","47","171",0
"2568","47","173",0
"2569","47","175",1
"2570","47","177",1
"2571","47","179",0
"2572","47","181",1
"2573","47","183",0
"2574","47","185",0
"2575","47","187",0
"2576","47","189",0
"2577","48","001",1
"2578","48","003",1
"2579","48","005",1
"2580","48","007",1
"2581","48","009",1
"2582","48","011",1
"2583","48","013",1
"2584","48","015",1
"2585","48","017",1
"2586","48","019",1
"2587","48","021",1
"2588","48","023",0
"2589","48","025",1
"2590","48","027",1
"2591","48","029",1
"2592","48","031",1
"2593","48","033",1
"2594","48","035",1
"2595","48","037",1
"2596","48","039",1
"2597","48","041",1
"2598","48","043",1
"2599","48","045",1
"2600","48","047",1
"2601","48","049",1
"2602","48","051",1
"2603","48","053",1
"2604","48","055",1
"2605","48","057",1
"2606","48","059",1
"2607","48","061",1
"2608","48","063",1
"2609","48","065",1
"2610","48","067",1
"2611","48","069",1
"2612","48","071",1
"2613","48","073",1
"2614","48","075",1
"2615","48","077",1
"2616","48","079",1
"2617","48","081",1
"2618","48","083",1
"2619","48","085",1
"2620","48","087",1
"2621","48","089",1
"2622","48","091",1
"2623","48","093",1
"2624","48","095",1
"2625","48","097",1
"2626","48","099",1
"2627","48","101",1
"2628","48","103",1
"2629","48","105",0
"2630","48","107",1
"2631","48","109",1
"2632","48","111",1
"2633","48","113",1
"2634","48","115",1
"2635","48","117",1
"2636","48","119",1
"2637","48","121",1
"2638","48","123",1
"2639","48","125",1
"2640","48","127",1
"2641","48","129",1
"2642","48","131",1
"2643","48","133",1
"2644","48","135",1
"2645","48","137",1
"2646","48","139",1
"2647","48","141",1
"2648","48","143",1
"2649","48","145",1
"2650","48","147",1
"2651","48","149",1
"2652","48","151",1
"2653","48","153",1
"2654","48","155",1
"2655","48","157",1
"2656","48","159",0
"2657","48","161",1
"2658","48","163",1
"2659","48","165",1
"2660","48","167",1
"2661","48","169",1
"2662","48","171",1
"2663","48","173",0
"2664","48","175",1
"2665","48","177",1
"2666","48","179",1
"2667","48","181",1
"2668","48","183",1
"2669","48","185",1
"2670","48","187",1
"2671","48","189",1
"2672","48","191",1
"2673","48","193",1
"2674","48","195",1
"2675","48","197",1
"2676","48","199",1
"2677","48","201",1
"2678","48","203",1
"2679","48","205",1
"2680","48","207",1
"2681","48","209",1
"2682","48","211",0
"2683","48","213",1
"2684","48","215",1
"2685","48","217",1
"2686","48","219",1
"2687","48","221",1
"2688","48","223",1
"2689","48","225",1
"2690","48","227",1
"2691","48","229",1
"2692","48","231",1
"2693","48","233",1
"2694","48","235",1
"2695","48","237",1
"2696","48","239",1
"2697","48","241",1
"2698","48","243",1
"2699","48","245",1
"2700","48","247",1
"2701","48","249",1
"2702","48","251",1
"2703","48","253",1
"2704","48","255",1
"2705","48","257",1
"2706","48","259",1
"2707","48","261",1
"2708","48","263",1
"2709","48","265",1
"2710","48","267",1
"2711","48","269",0
"2712","48","271",0
"2713","48","273",1
"2714","48","275",1
"2715","48","277",1
"2716","48","279",1
"2717","48","281",1
"2718","48","283",1
"2719","48","285",0
"2720","48","287",1
"2721","48","289",1
"2722","48","291",1
"2723","48","293",1
"2724","48","295",1
"2725","48","297",1
"2726","48","299",1
"2727","48","301",1
"2728","48","303",1
"2729","48","305",1
"2730","48","313",1
"2731","48","315",1
"2732","48","317",1
"2733","48","319",0
"2734","48","321",1
"2735","48","323",1
"2736","48","307",1
"2737","48","309",1
"2738","48","311",1
"2739","48","325",1
"2740","48","327",0
"2741","48","329",1
"2742","48","331",1
"2743","48","333",1
"2744","48","335",1
"2745","48","337",1
"2746","48","339",1
"2747","48","341",1
"2748","48","343",1
"2749","48","345",1
"2750","48","347",1
"2751","48","349",1
"2752","48","351",1
"2753","48","353",1
"2754","48","355",1
"2755","48","357",1
"2756","48","359",1
"2757","48","361",1
"2758","48","363",1
"2759","48","365",1
"2760","48","367",1
"2761","48","369",1
"2762","48","371",1
"2763","48","373",1
"2764","48","375",1
"2765","48","377",1
"2766","48","379",1
"2767","48","381",1
"2768","48","383",1
"2769","48","385",1
"2770","48","387",1
"2771","48","389",1
"2772","48","391",1
"2773","48","393",1
"2774","48","395",1
"2775","48","397",1
"2776","48","399",1
"2777","48","401",1
"2778","48","403",1
"2779","48","405",1
"2780","48","407",1
"2781","48","409",1
"2782","48","411",1
"2783","48","413",0
"2784","48","415",1
"2785","48","417",1
"2786","48","419",1
"2787","48","421",1
"2788","48","423",1
"2789","48","425",1
"2790","48","427",1
"2791","48","429",1
"2792","48","431",0
"2793","48","433",1
"2794","48","435",1
"2795","48","437",1
"2796","48","439",1
"2797","48","441",1
"2798","48","443",1
"2799","48","445",1
"2800","48","000",NA
"2801","48","447",0
"2802","48","449",0
"2803","48","451",1
"2804","48","453",1
"2805","48","455",1
"2806","48","457",1
"2807","48","459",1
"2808","48","461",1
"2809","48","463",1
"2810","48","465",1
"2811","48","467",1
"2812","48","469",1
"2813","48","471",1
"2814","48","473",1
"2815","48","475",1
"2816","48","477",1
"2817","48","479",1
"2818","48","481",1
"2819","48","483",1
"2820","48","485",1
"2821","48","487",1
"2822","48","489",1
"2823","48","491",1
"2824","48","493",1
"2825","48","495",1
"2826","48","497",1
"2827","48","499",1
"2828","48","501",1
"2829","48","503",1
"2830","48","505",1
"2831","48","507",1
"2832","00","000",NA
"2833","49","001",0
"2834","49","003",0
"2835","49","005",0
"2836","49","007",0
"2837","49","009",0
"2838","49","011",1
"2839","49","013",0
"2840","49","015",0
"2841","49","017",0
"2842","49","019",1
"2843","49","021",1
"2844","49","023",0
"2845","49","025",1
"2846","49","027",0
"2847","49","029",0
"2848","49","031",0
"2849","49","033",0
"2850","49","035",0
"2851","49","037",0
"2852","49","039",0
"2853","49","041",0
"2854","49","043",0
"2855","49","045",0
"2856","49","047",0
"2857","49","049",1
"2858","49","000",NA
"2859","49","051",1
"2860","49","053",1
"2861","49","055",0
"2862","49","057",1
"2863","51","001",0
"2864","51","003",0
"2865","51","510",NA
"2866","51","005",0
"2867","51","007",0
"2868","51","009",0
"2869","51","011",0
"2870","51","013",0
"2871","51","015",0
"2872","51","017",0
"2873","51","019",0
"2874","51","021",0
"2875","51","023",0
"2876","51","520",NA
"2877","51","025",1
"2878","51","027",0
"2879","51","029",1
"2880","51","530",NA
"2881","51","031",0
"2882","51","033",1
"2883","51","035",0
"2884","51","036",0
"2885","51","037",1
"2886","51","540",NA
"2887","51","550",NA
"2888","51","041",0
"2889","51","043",1
"2890","51","570",NA
"2891","51","580",NA
"2892","51","045",1
"2893","51","047",0
"2894","51","049",0
"2895","51","590",NA
"2896","51","051",0
"2897","51","053",0
"2898","51","595",NA
"2899","51","057",0
"2900","51","059",0
"2901","51","600",NA
"2902","51","610",NA
"2903","51","061",1
"2904","51","063",0
"2905","51","065",0
"2906","51","067",0
"2907","51","620",NA
"2908","51","069",0
"2909","51","630",NA
"2910","51","640",NA
"2911","51","071",1
"2912","51","073",0
"2913","51","075",0
"2914","51","077",1
"2915","51","079",1
"2916","51","081",0
"2917","51","083",0
"2918","51","650",NA
"2919","51","085",0
"2920","51","660",NA
"2921","51","087",0
"2922","51","089",0
"2923","51","091",0
"2924","51","670",NA
"2925","51","093",1
"2926","51","095",0
"2927","51","099",1
"2928","51","097",0
"2929","51","101",0
"2930","51","103",0
"2931","51","105",0
"2932","51","678",NA
"2933","51","107",1
"2934","51","109",0
"2935","51","111",0
"2936","51","680",NA
"2937","51","113",0
"2938","51","683",NA
"2939","51","685",NA
"2940","51","690",NA
"2941","51","115",1
"2942","51","117",0
"2943","51","119",0
"2944","51","121",0
"2945","51","125",1
"2946","51","127",0
"2947","51","700",NA
"2948","51","710",NA
"2949","51","131",0
"2950","51","133",0
"2951","51","720",NA
"2952","51","135",0
"2953","51","137",1
"2954","51","139",1
"2955","51","141",0
"2956","51","730",NA
"2957","51","143",1
"2958","51","735",NA
"2959","51","740",NA
"2960","51","145",0
"2961","51","147",0
"2962","51","149",0
"2963","51","153",0
"2964","51","155",1
"2965","51","750",NA
"2966","51","157",1
"2967","51","159",0
"2968","51","760",NA
"2969","51","161",0
"2970","51","770",NA
"2971","51","163",0
"2972","51","165",1
"2973","51","167",0
"2974","51","775",NA
"2975","51","169",0
"2976","51","171",1
"2977","51","173",0
"2978","51","175",0
"2979","51","177",0
"2980","51","179",0
"2981","51","790",NA
"2982","51","800",NA
"2983","51","181",0
"2984","51","183",0
"2985","51","185",0
"2986","51","000",NA
"2987","51","810",NA
"2988","51","187",0
"2989","51","191",0
"2990","51","820",NA
"2991","51","193",0
"2992","51","830",NA
"2993","51","840",NA
"2994","51","195",1
"2995","51","197",0
"2996","51","199",0
"2997","50","001",0
"2998","50","003",1
"2999","50","005",1
"3000","50","007",1
"3001","50","009",0
"3002","50","011",1
"3003","50","013",1
"3004","50","015",0
"3005","50","017",1
"3006","50","019",1
"3007","50","021",1
"3008","50","000",NA
"3009","50","023",1
"3010","50","025",1
"3011","50","027",1
"3012","53","001",0
"3013","53","003",0
"3014","53","005",1
"3015","53","007",1
"3016","53","009",1
"3017","53","011",0
"3018","53","013",0
"3019","53","015",0
"3020","53","017",0
"3021","53","019",1
"3022","53","021",1
"3023","53","023",0
"3024","53","025",1
"3025","53","027",1
"3026","53","029",1
"3027","53","031",0
"3028","53","033",1
"3029","53","035",0
"3030","53","037",0
"3031","53","039",0
"3032","53","041",1
"3033","53","043",0
"3034","53","045",0
"3035","53","047",1
"3036","53","049",0
"3037","53","051",0
"3038","53","053",1
"3039","53","055",1
"3040","53","057",1
"3041","53","059",0
"3042","53","061",0
"3043","53","063",1
"3044","53","065",0
"3045","53","067",1
"3046","53","069",0
"3047","53","071",1
"3048","53","000",NA
"3049","53","073",1
"3050","53","075",0
"3051","53","077",1
"3052","55","001",1
"3053","55","003",1
"3054","55","005",1
"3055","55","007",1
"3056","55","009",1
"3057","55","011",1
"3058","55","013",1
"3059","55","015",1
"3060","55","017",1
"3061","55","019",1
"3062","55","021",1
"3063","55","023",1
"3064","55","025",1
"3065","55","027",1
"3066","55","029",0
"3067","55","031",1
"3068","55","033",1
"3069","55","035",1
"3070","55","037",0
"3071","55","039",1
"3072","55","041",1
"3073","55","043",1
"3074","55","045",1
"3075","55","047",1
"3076","55","049",1
"3077","55","051",1
"3078","55","053",1
"3079","55","055",1
"3080","55","057",1
"3081","55","059",1
"3082","55","061",0
"3083","55","063",1
"3084","55","065",1
"3085","55","067",1
"3086","55","069",1
"3087","55","071",1
"3088","55","073",1
"3089","55","075",1
"3090","55","077",1
"3091","55","078",0
"3092","55","079",1
"3093","55","081",1
"3094","55","083",1
"3095","55","085",1
"3096","55","087",1
"3097","55","089",1
"3098","55","091",1
"3099","55","093",1
"3100","55","095",1
"3101","55","097",1
"3102","55","099",1
"3103","55","101",1
"3104","55","103",1
"3105","55","105",1
"3106","55","107",1
"3107","55","111",1
"3108","55","113",1
"3109","55","115",1
"3110","55","117",1
"3111","55","109",1
"3112","55","119",1
"3113","55","121",1
"3114","55","123",1
"3115","55","125",1
"3116","55","127",1
"3117","55","129",1
"3118","55","131",1
"3119","55","133",1
"3120","55","135",1
"3121","55","137",0
"3122","55","139",1
"3123","55","000",NA
"3124","55","141",1
"3125","54","001",1
"3126","54","003",1
"3127","54","005",0
"3128","54","007",0
"3129","54","009",1
"3130","54","011",0
"3131","54","013",1
"3132","54","015",0
"3133","54","017",0
"3134","54","019",1
"3135","54","021",0
"3136","54","023",1
"3137","54","025",1
"3138","54","027",1
"3139","54","029",0
"3140","54","031",1
"3141","54","033",1
"3142","54","035",1
"3143","54","037",1
"3144","54","039",0
"3145","54","041",0
"3146","54","043",1
"3147","54","045",1
"3148","54","049",1
"3149","54","051",0
"3150","54","053",1
"3151","54","047",1
"3152","54","055",1
"3153","54","057",1
"3154","54","059",1
"3155","54","061",1
"3156","54","063",1
"3157","54","065",1
"3158","54","067",1
"3159","54","069",1
"3160","54","071",0
"3161","54","073",0
"3162","54","075",1
"3163","54","077",0
"3164","54","079",0
"3165","54","081",1
"3166","54","083",1
"3167","54","085",1
"3168","54","087",0
"3169","54","089",1
"3170","54","091",0
"3171","54","093",1
"3172","54","095",1
"3173","54","097",0
"3174","54","099",0
"3175","54","101",1
"3176","54","000",NA
"3177","54","103",1
"3178","54","105",0
"3179","54","107",1
"3180","54","109",1
"3181","56","001",1
"3182","56","003",1
"3183","56","005",1
"3184","56","007",1
"3185","56","009",0
"3186","56","011",0
"3187","56","013",1
"3188","56","015",1
"3189","56","017",0
"3190","56","019",1
"3191","56","021",1
"3192","56","023",1
"3193","56","025",1
"3194","56","027",0
"3195","56","029",1
"3196","56","031",1
"3197","56","033",1
"3198","56","035",1
"3199","56","037",1
"3200","56","039",1
"3201","56","041",1
"3202","56","043",0
"3203","56","045",1
"3204","56","000",NA
